{
  "num__age": 0.052209644836777584,
  "num__trestbps": 0.278520627893922,
  "num__chol": 0.13873275365471488,
  "num__thalach": 0.3027433417300147,
  "num__oldpeak": 0.20757995081009664,
  "cat__sex_0": 0.30185001820626384,
  "cat__sex_1": 0.29733507904015716,
  "cat__cp_0": 0.11157551396601478,
  "cat__cp_1": 0.04469220859669136,
  "cat__cp_2": 0.23910258764720865,
  "cat__cp_3": 0.5060052614032705,
  "cat__fbs_0": 0.02627921956507528,
  "cat__fbs_1": 0.029245850129291737,
  "cat__restecg_0": 0.07776288131992429,
  "cat__restecg_1": 0.00033865042980909426,
  "cat__restecg_2": 0.10651114754638227,
  "cat__exang_0": 0.11722981979966969,
  "cat__exang_1": 0.11268028741496978,
  "cat__slope_0": 0.21970280456317753,
  "cat__slope_1": 0.29960171173171196,
  "cat__slope_2": 0.022559859389003706,
  "cat__ca_0": 0.726241320689954,
  "cat__ca_1": 0.12839029970822843,
  "cat__ca_2": 0.12830578312384427,
  "cat__ca_3": 0.05357481940377959,
  "cat__thal_1": 0.2614775612207898,
  "cat__thal_2": 0.02087522323676878,
  "cat__thal_3": 0.38264440852447373
}