{
  "age": 0.052209644836777584,
  "trestbps": 0.278520627893922,
  "chol": 0.13873275365471488,
  "thalach": 0.3027433417300147,
  "oldpeak": 0.20757995081009664,
  "sex": 0.599185097246421,
  "cp": 0.9013755716131853,
  "fbs": 0.05552506969436702,
  "restecg": 0.18461267929611566,
  "exang": 0.22991010721463948,
  "slope": 0.5418643756838932,
  "ca": 1.0365122229258061,
  "thal": 0.6649971929820323
}