{
  "best_model": "LogisticRegression",
  "all_models": {
    "LogisticRegression": {
      "accuracy": 0.8852459016393442,
      "precision": 0.8387096774193549,
      "recall": 0.9285714285714286,
      "f1": 0.8813559322033898,
      "roc_auc": 0.9664502164502166,
      "confusion_matrix": [
        [
          28,
          5
        ],
        [
          2,
          26
        ]
      ]
    },
    "RandomForest": {
      "accuracy": 0.8688524590163934,
      "precision": 0.8125,
      "recall": 0.9285714285714286,
      "f1": 0.8666666666666667,
      "roc_auc": 0.9442640692640693,
      "confusion_matrix": [
        [
          27,
          6
        ],
        [
          2,
          26
        ]
      ]
    },
    "SVM_RBF": {
      "accuracy": 0.8852459016393442,
      "precision": 0.8387096774193549,
      "recall": 0.9285714285714286,
      "f1": 0.8813559322033898,
      "roc_auc": 0.9642857142857143,
      "confusion_matrix": [
        [
          28,
          5
        ],
        [
          2,
          26
        ]
      ]
    }
  }
}